Success Rate,Balanced Success Rate,Sensitivity,PPV,ROC
0.877135563351,0.728777903693,0.543422733078,0.397149989893,0.868353324817
