Success Rate,Balanced Success Rate,Sensitivity,PPV,ROC
0.808497536946,0.806002554278,0.722349936143,0.859393255174,0.872499669705
