Success Rate,Balanced Success Rate,Sensitivity,PPV,ROC
0.765886699507,0.76245210728,0.683524904215,0.811031619855,0.864361210199
