Success Rate,Balanced Success Rate,Sensitivity,PPV,ROC
0.595812807882,0.606896551724,0.993103448276,0.546368092692,0.906801867266
