Success Rate,Balanced Success Rate,Sensitivity,PPV,ROC
0.291285142547,0.601374054559,0.988888888889,0.122535344237,0.911315084557
