Success Rate,Balanced Success Rate,Sensitivity,PPV,ROC
0.418198019802,0.611009273218,0.846588693957,0.119437589211,0.70113768729
