Success Rate,Balanced Success Rate,Sensitivity,PPV,ROC
0.50196039604,0.648844017006,0.828265107212,0.135191843921,0.726720147363
