Success Rate,Balanced Success Rate,Sensitivity,PPV,ROC,ROC50
0.515343234323,0.65108246657,0.816959064327,0.137753709234,0.723864525051,0.590866666667
