Success Rate,Balanced Success Rate,Sensitivity,PPV,ROC,ROC50
0.422465346535,0.608267639113,0.835282651072,0.118887816303,0.700988044114,0.584619408369
