Success Rate,Balanced Success Rate,Sensitivity,PPV,ROC,ROC50
0.423521452145,0.616791751693,0.853021442495,0.120946480149,0.701250279615,0.586942002064
