Success Rate,Balanced Success Rate,Sensitivity,PPV,ROC,ROC50
0.51298019802,0.654797512908,0.828070175439,0.137956341241,0.724209576999,0.63127094548
