Success Rate,Balanced Success Rate,Sensitivity,PPV,ROC
0.63981092437,0.645398724083,0.992727272727,0.578255777693,0.930199767524
