Success Rate,Balanced Success Rate,Sensitivity,PPV,ROC
0.556036662453,0.564364516306,0.996363636364,0.525746519379,0.981347412418
