Success Rate,Balanced Success Rate,Sensitivity,PPV,ROC
0.903745259166,0.904548204367,0.945454545455,0.872042947551,0.976349337293
