Success Rate,Balanced Success Rate,Sensitivity,PPV,ROC,ROC50
0.87215903289,0.702013485768,0.489782886335,0.399787392689,0.867809561901,0.59042534585
