Success Rate,Balanced Success Rate,Sensitivity,PPV,ROC
0.585399159664,0.591901575974,0.996610169492,0.543252223967,0.972459924851
