Success Rate,Balanced Success Rate,Sensitivity,PPV,ROC,ROC50
0.297161585717,0.604627653231,0.988888888889,0.123435554233,0.912584476886,0.745243955232
