Success Rate,Balanced Success Rate,Sensitivity,PPV,ROC,ROC50
0.291608610439,0.601563834211,0.988888888889,0.12264034855,0.911535685452,0.759140769084
