Success Rate,Balanced Success Rate,Sensitivity,PPV,ROC
0.511449579832,0.51909455843,0.996610169492,0.501803526702,0.973168437272
