Success Rate,Balanced Success Rate,Sensitivity,PPV,ROC,ROC50
0.881183852957,0.710472669992,0.497445721584,0.420105461975,0.867558782188,0.547771394002
