Success Rate,Balanced Success Rate,Sensitivity,PPV,ROC
0.841071428571,0.840989106047,0.831802773498,0.846767463975,0.912641851161
