Success Rate,Balanced Success Rate,Sensitivity,PPV,ROC
0.853597896247,0.826938904465,0.730357142857,0.846747219132,0.911198069326
