Success Rate,Balanced Success Rate,Sensitivity,PPV,ROC
0.860924369748,0.860286000054,0.814607087827,0.895456602221,0.924303516882
