Success Rate,Balanced Success Rate,Sensitivity,PPV,ROC
0.90194374209860939,0.90285761425507349,0.94909090909090921,0.86522238750660241,0.97484243524170933
