Success Rate,Balanced Success Rate,Sensitivity,PPV,ROC
0.67011694058154236,0.6762822416542924,0.99636363636363645,0.59953333289861788,0.97876918000329971
