Success Rate,Balanced Success Rate,Sensitivity,PPV,ROC,ROC50
0.633613247528,0.628867233025,0.282020180335,0.918233091787,0.78638459946,0.771116448831
