Success Rate,Balanced Success Rate,Sensitivity,PPV,ROC,ROC50
0.592529425895,0.553222033825,0.987878787879,0.573304373565,0.765573235946,0.707198873446
