Success Rate,Balanced Success Rate,Sensitivity,PPV,ROC,ROC50
0.694805428777,0.678317319537,0.858585858586,0.676154853161,0.769943625639,0.690016538984
