Success Rate,Balanced Success Rate,Sensitivity,PPV,ROC,ROC50
0.781972135479,0.76796342188,0.925252525253,0.757804925139,0.905982348594,0.842737693844
